#CHROM,POS,ID,REF,ALT,QUAL,FILTER,INFO,FORMAT,HG01851
9,35057771,.,G,A,.,PASS,AC=962;AN=5096;DP=41092;AF=0.19;EAS_AF=0.08;EUR_AF=0.21;AFR_AF=0.19;AMR_AF=0.21;SAS_AF=0.27;VT=SNP;NS=2548,GT,1|0
9,35060749,.,A,G,.,PASS,AC=3518;AN=5096;DP=293399;AF=0.69;EAS_AF=0.46;EUR_AF=0.75;AFR_AF=0.73;AMR_AF=0.82;SAS_AF=0.73;EX_TARGET;VT=SNP;NS=2548,GT,1|0
9,35060958,.,T,C,.,PASS,AC=3570;AN=5096;DP=405568;AF=0.7;EAS_AF=0.46;EUR_AF=0.77;AFR_AF=0.74;AMR_AF=0.84;SAS_AF=0.74;EX_TARGET;VT=SNP;NS=2548,GT,1|0
9,35061696,.,G,GACAGTACACAA,.,PASS,AC=2019;AN=5096;DP=379913;AF=0.4;EAS_AF=0.08;EUR_AF=0.66;AFR_AF=0.21;AMR_AF=0.69;SAS_AF=0.5;VT=INDEL;NS=2548,GT,1|0
9,35062616,.,A,G,.,PASS,AC=3168;AN=5096;DP=34563;AF=0.62;EAS_AF=0.46;EUR_AF=0.75;AFR_AF=0.47;AMR_AF=0.81;SAS_AF=0.73;VT=SNP;NS=2548,GT,1|0
9,35062975,.,C,T,.,PASS,AC=3566;AN=5096;DP=416799;AF=0.7;EAS_AF=0.46;EUR_AF=0.76;AFR_AF=0.74;AMR_AF=0.84;SAS_AF=0.74;EX_TARGET;VT=SNP;NS=2548,GT,1|0
9,35063727,.,A,G,.,PASS,AC=2082;AN=5096;DP=26005;AF=0.41;EAS_AF=0.08;EUR_AF=0.68;AFR_AF=0.21;AMR_AF=0.7;SAS_AF=0.52;VT=SNP;NS=2548,GT,1|0
9,35064791,.,A,G,.,PASS,AC=2101;AN=5096;DP=21863;AF=0.41;EAS_AF=0.08;EUR_AF=0.68;AFR_AF=0.22;AMR_AF=0.7;SAS_AF=0.52;VT=SNP;NS=2548,GT,1|0
9,35066582,.,T,TA,.,PASS,AC=1955;AN=5096;DP=76051;AF=0.38;EAS_AF=0.12;EUR_AF=0.6;AFR_AF=0.22;AMR_AF=0.63;SAS_AF=0.48;VT=INDEL;NS=2548,GT,1|0
9,35068204,.,C,T,.,PASS,AC=868;AN=5096;DP=443579;AF=0.17;EAS_AF=0.08;EUR_AF=0.2;AFR_AF=0.12;AMR_AF=0.2;SAS_AF=0.27;VT=SNP;NS=2548,GT,1|0
9,35069611,.,C,A,.,PASS,AC=2073;AN=5096;DP=18257;AF=0.41;EAS_AF=0.08;EUR_AF=0.68;AFR_AF=0.21;AMR_AF=0.7;SAS_AF=0.52;VT=SNP;NS=2548,GT,1|0
9,35070729,.,C,T,.,PASS,AC=850;AN=5096;DP=21346;AF=0.17;EAS_AF=0.08;EUR_AF=0.2;AFR_AF=0.11;AMR_AF=0.2;SAS_AF=0.27;VT=SNP;NS=2548,GT,1|0
9,35071094,.,T,C,.,PASS,AC=932;AN=5096;DP=19689;AF=0.18;EAS_AF=0.08;EUR_AF=0.2;AFR_AF=0.17;AMR_AF=0.2;SAS_AF=0.28;VT=SNP;NS=2548,GT,1|0
9,35072004,.,G,C,.,PASS,AC=2073;AN=5096;DP=13598;AF=0.41;EAS_AF=0.08;EUR_AF=0.68;AFR_AF=0.21;AMR_AF=0.7;SAS_AF=0.52;VT=SNP;NS=2548,GT,1|0
