#CHROM,POS,ID,REF,ALT,QUAL,FILTER,INFO,FORMAT,HG02081
16,31180161,.,A,G,.,PASS,AC=4793;AN=5096;DP=128343;AF=0.94;EAS_AF=1;EUR_AF=1;AFR_AF=0.79;AMR_AF=0.98;SAS_AF=1;EX_TARGET;VT=SNP;NS=2548,GT,1|1
16,31180768,.,T,C,.,PASS,AC=4763;AN=5096;DP=14178;AF=0.93;EAS_AF=1;EUR_AF=1;AFR_AF=0.76;AMR_AF=0.98;SAS_AF=1;VT=SNP;NS=2548,GT,1|1
16,31180918,.,C,CT,.,PASS,AC=1577;AN=5096;DP=16362;AF=0.31;EAS_AF=0.26;EUR_AF=0.32;AFR_AF=0.12;AMR_AF=0.37;SAS_AF=0.57;VT=INDEL;NS=2548,GT,1|1
16,31181888,.,A,G,.,PASS,AC=33;AN=5096;DP=21993;AF=0.01;EAS_AF=0.03;EUR_AF=0;AFR_AF=0;AMR_AF=0;SAS_AF=0;VT=SNP;NS=2548,GT,0|1
16,31182621,.,C,A,.,PASS,AC=1420;AN=5096;DP=345856;AF=0.28;EAS_AF=0.25;EUR_AF=0.31;AFR_AF=0.03;AMR_AF=0.36;SAS_AF=0.56;EX_TARGET;VT=SNP;NS=2548,GT,1|1
16,31184784,.,T,C,.,PASS,AC=1452;AN=5096;DP=91564;AF=0.28;EAS_AF=0.25;EUR_AF=0.31;AFR_AF=0.05;AMR_AF=0.36;SAS_AF=0.56;VT=SNP;NS=2548,GT,1|1
16,31184820,.,GTCTTTTTACTT,G,.,PASS,AC=1450;AN=5096;DP=138461;AF=0.28;EAS_AF=0.25;EUR_AF=0.31;AFR_AF=0.05;AMR_AF=0.37;SAS_AF=0.55;VT=INDEL;NS=2548,GT,0|1
16,31188078,.,G,T,.,PASS,AC=5091;AN=5096;DP=26099;AF=1;EAS_AF=1;EUR_AF=1;AFR_AF=1;AMR_AF=1;SAS_AF=1;VT=SNP;NS=2548,GT,1|1
16,31192208,.,G,C,.,PASS,AC=1433;AN=5096;DP=23158;AF=0.28;EAS_AF=0.25;EUR_AF=0.31;AFR_AF=0.04;AMR_AF=0.36;SAS_AF=0.56;VT=SNP;NS=2548,GT,1|1
16,31192914,.,T,C,.,PASS,AC=5051;AN=5096;DP=23676;AF=0.99;EAS_AF=1;EUR_AF=1;AFR_AF=0.97;AMR_AF=1;SAS_AF=1;VT=SNP;NS=2548,GT,1|1
