#CHROM,POS,ID,REF,ALT,QUAL,FILTER,INFO,FORMAT,HG01861
17,4945989,.,G,A,.,PASS,AC=446;AN=5096;DP=362393;AF=0.09;EAS_AF=0.19;EUR_AF=0.03;AFR_AF=0.02;AMR_AF=0.15;SAS_AF=0.1;EX_TARGET;VT=SNP;NS=2548,GT,1|0
17,4946089,.,C,T,.,PASS,AC=851;AN=5096;DP=104918;AF=0.17;EAS_AF=0.19;EUR_AF=0.03;AFR_AF=0.29;AMR_AF=0.19;SAS_AF=0.1;VT=SNP;NS=2548,GT,1|0
17,4946251,.,T,C,.,PASS,AC=224;AN=5096;DP=31868;AF=0.04;EAS_AF=0.13;EUR_AF=0;AFR_AF=0;AMR_AF=0.12;SAS_AF=0;VT=SNP;NS=2548,GT,1|0
17,4946340,.,A,G,.,PASS,AC=3763;AN=5096;DP=29450;AF=0.74;EAS_AF=0.5;EUR_AF=0.8;AFR_AF=0.99;AMR_AF=0.86;SAS_AF=0.5;VT=SNP;NS=2548,GT,1|0
17,4946479,.,G,A,.,PASS,AC=2542;AN=5096;DP=62807;AF=0.5;EAS_AF=0.35;EUR_AF=0.6;AFR_AF=0.53;AMR_AF=0.64;SAS_AF=0.41;VT=SNP;NS=2548,GT,1|0
17,4947192,.,G,A,.,PASS,AC=447;AN=5096;DP=13121;AF=0.09;EAS_AF=0.19;EUR_AF=0.03;AFR_AF=0.02;AMR_AF=0.15;SAS_AF=0.1;VT=SNP;NS=2548,GT,1|0
17,4947509,.,CCT,C,.,PASS,AC=224;AN=5096;DP=7020;AF=0.04;EAS_AF=0.13;EUR_AF=0;AFR_AF=0;AMR_AF=0.12;SAS_AF=0;VT=INDEL;NS=2548,GT,1|0
17,4947725,.,T,TG,.,PASS,AC=451;AN=5096;DP=13594;AF=0.09;EAS_AF=0.19;EUR_AF=0.03;AFR_AF=0.02;AMR_AF=0.15;SAS_AF=0.1;VT=INDEL;NS=2548,GT,1|0
17,4947777,.,A,G,.,PASS,AC=5066;AN=5096;DP=13697;AF=0.99;EAS_AF=1;EUR_AF=0.98;AFR_AF=1;AMR_AF=1;SAS_AF=0.99;VT=SNP;NS=2548,GT,1|1
