#CHROM,POS,ID,REF,ALT,QUAL,FILTER,INFO,FORMAT,HG01844
5,139275636,.,G,T,.,PASS,AC=5093;AN=5096;DP=22294;AF=1;EAS_AF=1;EUR_AF=1;AFR_AF=1;AMR_AF=1;SAS_AF=1;VT=SNP;NS=2548,GT,1|1
5,139278234,.,T,A,.,PASS,AC=526;AN=5096;DP=17776;AF=0.1;EAS_AF=0.35;EUR_AF=0.02;AFR_AF=0.04;AMR_AF=0.12;SAS_AF=0.01;VT=SNP;NS=2548,GT,0|1
5,139280844,.,A,ATTCTG,.,PASS,AC=4592;AN=5096;DP=20613;AF=0.9;EAS_AF=0.91;EUR_AF=0.86;AFR_AF=0.99;AMR_AF=0.9;SAS_AF=0.81;VT=INDEL;NS=2548,GT,1|1
5,139285502,.,A,T,.,PASS,AC=4595;AN=5096;DP=19137;AF=0.9;EAS_AF=0.91;EUR_AF=0.86;AFR_AF=0.99;AMR_AF=0.9;SAS_AF=0.81;VT=SNP;NS=2548,GT,1|1
5,139288286,.,CCTGTTATATTTCTTTTG,C,.,PASS,AC=916;AN=5096;DP=22353;AF=0.18;EAS_AF=0.44;EUR_AF=0.15;AFR_AF=0.04;AMR_AF=0.21;SAS_AF=0.1;VT=INDEL;NS=2548,GT,0|1
5,139291883,.,G,A,.,PASS,AC=44;AN=5096;DP=18486;AF=0.01;EAS_AF=0.02;EUR_AF=0;AFR_AF=0;AMR_AF=0.03;SAS_AF=0;VT=SNP;NS=2548,GT,0|1
5,139294362,.,C,T,.,PASS,AC=465;AN=5096;DP=18186;AF=0.09;EAS_AF=0.35;EUR_AF=0.02;AFR_AF=0;AMR_AF=0.11;SAS_AF=0.01;VT=SNP;NS=2548,GT,0|1
5,139299542,.,G,A,.,PASS,AC=460;AN=5096;DP=23232;AF=0.09;EAS_AF=0.34;EUR_AF=0.02;AFR_AF=0;AMR_AF=0.11;SAS_AF=0.01;VT=SNP;NS=2548,GT,0|1
5,139311539,.,T,A,.,PASS,AC=1;AN=5096;DP=17248;AF=0;EAS_AF=0;EUR_AF=0;AFR_AF=0;AMR_AF=0;SAS_AF=0;VT=SNP;NS=2548,GT,0|1
5,139313503,.,G,A,.,PASS,AC=2;AN=5096;DP=18953;AF=0;EAS_AF=0;EUR_AF=0;AFR_AF=0;AMR_AF=0;SAS_AF=0;VT=SNP;NS=2548,GT,1|0
5,139323469,.,T,C,.,PASS,AC=4930;AN=5096;DP=20455;AF=0.97;EAS_AF=1;EUR_AF=0.91;AFR_AF=1;AMR_AF=0.95;SAS_AF=0.98;VT=SNP;NS=2548,GT,1|1
